<!-- [ Mirror metadata ] generatedAt: 1469510993442 -->
<!-- Generated screen file. Fill the id tags below with content with
which to populate your previewed layout. For a complete specification
of sample data, please see http://jimulabs.com/sample-data-specifications/ 

Valid attributes on <screen> tag: theme="@style/someTheme" inEditMode="false" overlay="@drawable/mockup" -->
<screen>
    <_content layout="@layout/custom_dimmer_onoff">
        <!-- ImageView Examples:
        <fav_off src="@drawable/image_resource" />
        <fav_off src="relative_path/image.jpg" /> -->
        <fav_off />
        <!-- TextView Examples:
        <txt_progress text="@string/string_resource" />
        <txt_progress text="Text literal" textSize="14sp" /> -->
        <txt_progress />
        <power_off />
        <group_dimmer_name />
        <group_name />
    </_content>
</screen>
